,consistency,bias,image_quality,hallucination,overall_score,count
baseline,1.4130737134909597,2.489568845618915,3.6995827538247568,2.424200278164117,1.411682892906815,719
reranked,2.4,2.6857142857142855,4.428571428571429,3.0285714285714285,2.4,70
