,baseline,reranked
consistency,1.4130737134909597,1.8
bias,2.489568845618915,2.6
image_quality,3.6995827538247568,4.015
hallucination,2.424200278164117,2.43
overall_score,1.411682892906815,1.8
