epoch,steps,loss,loss_full,loss_consist,loss_drop,loss_sparse,loss_tv
1,18687,0.1974526147814187,0.19047390122393015,0.006808070744255087,6.931716492092072e-05,0.09998807098628583,0.35997345955712384
2,18687,0.18653787731777058,0.17861277290871144,0.007787336873676736,3.566969547492706e-06,0.09998807790579278,0.3599706706373906
