epoch,steps,loss,loss_full,loss_consist,loss_drop,loss_sparse,loss_tv
1,14015,0.18422807334585675,0.18424540052653593,0.05489359749112274,0.008883330569367642,0.0392326058296914,0.0043337794401541035
2,14015,0.17039796407100263,0.1704358268070659,0.05583088196723686,0.010584357292618958,0.00041825916781580285,0.0001882849103673798
