epoch,steps,loss,loss_full,loss_consist,loss_drop,loss_sparse,loss_tv,loss_volume,loss_ppo,mean_reward,mask_entropy,mask_kl,w_full,w_consist,w_drop,w_sparse,w_tv,mask_mean,mask_tv
1,4672,0.38293712207894415,0.1889346259668444,0.006123758031843527,0.00042486374782938955,0.4531636026062786,0.9874931684605879,0.09245337450666327,-1.8680559908965167e-07,-0.1506143011509964,0.6868687660930908,0.0,1.0,0.5,0.0010000000474974513,9.999999747378752e-05,9.999999747378752e-06,0.4531636026062786,0.9874931684605879
2,4672,0.31124442679271713,0.17576219234456092,0.006935113920169972,1.8124531716114702e-05,0.3992443553822702,0.9273807948506246,0.06303907313849777,-4.863741912292564e-08,-0.1396157557738001,0.6537161890085633,0.0,1.0,0.5,0.0010000000474974513,9.999999747378752e-05,9.999999747378752e-06,0.3992443553822702,0.9273807948506246
