epoch,steps,loss,loss_full,loss_consist,loss_drop,loss_sparse,loss_tv
1,18687,0.19970786363080198,0.19058145213944558,0.009113898466262404,0.0038721126748897127,0.012335356536822264,0.0018064314496008755
2,18687,0.18903214674007024,0.17839556213187427,0.010636584549056966,0.004862683424248182,1.1538730856215978e-06,1.1276932128338726e-06
3,18687,0.18261897671723937,0.1705216849189388,0.012097291860610542,0.005969278373642731,7.547952821637231e-08,9.390046028517514e-08
4,18687,0.17522230338471295,0.16071635512993446,0.014505948296131556,0.006573821438470762,3.314769455087844e-08,4.341556082260917e-08
5,18687,0.16610841597525847,0.147979753934941,0.01812866206650735,0.007844020500352539,2.3957166828539267e-08,3.191698113556144e-08
6,18687,0.15532205817567,0.1325340349215827,0.022788023255931298,0.009146907110495432,2.0058575811587915e-08,2.694261679368522e-08
7,18687,0.14395329141626031,0.11643375920384681,0.027519532188316837,0.010870530516389235,1.8039706464927233e-08,2.433970924563534e-08
8,18687,0.13310205666586564,0.10152403377963873,0.03157802292850199,0.011991219452438319,1.6844189574707457e-08,2.2742935771959553e-08
