epoch,steps,loss,loss_full,loss_consist,loss_drop,loss_sparse,loss_tv,loss_volume,w_full,w_consist,w_drop,w_sparse,w_tv,mask_mean,mask_tv
13,4672,0.41180974128975034,0.02251658537662566,0.06332409259231685,0.011014801182159006,0.1541630993150685,0.016185417567213922,0.0009840638054423498,4.994441862766669,4.667969786380226,0.019117454365884554,0.005005271814297885,0.004999999888241291,0.1541630993150685,0.016185417567213922
14,4672,0.39738115050976663,0.02049333771678716,0.06396986725492952,0.011009431865117322,0.1487466472468964,0.009879471504524963,2.195362926130818e-05,4.992182692385291,4.588821992016563,0.03016090256706987,0.005000300432534646,0.004999999888241291,0.1487466472468964,0.009879471504524963
15,4672,0.40030041621991574,0.019687054223576934,0.06518682132017391,0.011806989777578067,0.1487616970114512,0.003533970819760675,2.789903738655446e-06,4.987224330181537,4.604028870211276,0.021713817060453822,0.005001360267856835,0.004999999888241291,0.1487616970114512,0.003533970819760675
