epoch,steps,loss,loss_full,loss_consist,loss_drop,loss_sparse,loss_tv,loss_volume,loss_ppo,mean_reward,mask_entropy,mask_kl,w_full,w_consist,w_drop,w_sparse,w_tv,mask_mean,mask_tv
1,4672,0.9672046258331162,0.18791466775312,0.006318567343828052,0.0003511709819327759,0.5401629678560549,0.9691653405890277,0.15392208887002598,-8.322263139203312e-07,-0.3085354044140406,0.6767482647723327,0.0,1.0,0.5,0.0010000000474974513,9.999999747378752e-05,9.999999747378752e-06,0.5401629678560549,0.9691653405890277
2,4672,1.249023510781053,0.17461707689225264,0.006663815931585292,8.936077330424132e-06,0.6110992273315787,0.8769744138348184,0.2128488333283426,-2.1629316220549924e-07,-0.3042874850128611,0.6239138661998592,0.0,1.0,0.5,0.0010000000474974513,9.999999747378752e-05,9.999999747378752e-06,0.6110992273315787,0.8769744138348184
3,4672,1.4056906464114174,0.16678459952387653,0.007600377977150731,8.688335832605483e-06,0.6442528372400835,0.8611960240244253,0.2455298929213712,-2.8493601004246953e-07,-0.3086988441646099,0.6169199984240001,0.0,1.0,0.5,0.0010000000474974513,9.999999747378752e-05,9.999999747378752e-06,0.6442528372400835,0.8611960240244253
