epoch,steps,loss,loss_full,loss_consist,loss_drop,loss_sparse,loss_tv,w_full,w_consist,w_drop,w_sparse,w_tv,mask_mean,mask_tv
9,9344,0.0638279096634655,0.06383394047616218,0.08286470011234871,0.020852856440086887,2.494061721348497e-07,2.763006032431779e-07,0.9997587367917781,0.0001171616644653537,4.132880756912982e-05,4.12566554093031e-05,4.12566554093031e-05,2.494061721348497e-07,2.763006032431779e-07
10,9344,0.05436867625481582,0.054372507683108605,0.0864046265033061,0.021048500113291284,2.425141957084559e-07,2.6890524018760005e-07,0.9998220907307345,4.7375305465742686e-05,4.36002004245086e-05,4.332103511249082e-05,4.332103511249082e-05,2.425141957084559e-07,2.6890524018760005e-07
11,9344,0.04735899304516152,0.04736156475213996,0.0854454514016764,0.020630952430098024,2.3655264482080732e-07,2.624734929979664e-07,0.9998205925452791,4.882465554511041e-05,4.359991821270217e-05,4.334442934194855e-05,4.334442934194855e-05,2.3655264482080732e-07,2.624734929979664e-07
12,9344,0.04216739849853993,0.042168329265298045,0.08613735628835593,0.020335194182722536,2.3265836293145707e-07,2.5815974716862585e-07,0.9998008690340674,6.30463020203703e-05,4.613369169333802e-05,4.481815765980048e-05,4.481815765980048e-05,2.3265836293145707e-07,2.5815974716862585e-07
13,5606,1.0184041276053153,0.043742935996427215,0.061141414783962796,0.01400526293762403,3.7592705520274615e-08,4.626757306150781e-08,9.997518161982244,9.490342779067596,0.0058487133457565624,0.004999999888241291,0.004999999888241291,3.7592705520274615e-08,4.626757306150781e-08
14,5606,0.8965954504883209,0.030171533023566906,0.06248497722030505,0.012610348045847222,8.298708579482731e-09,1.144870243337945e-08,9.997796918849966,9.493861544570283,0.01586482024017643,0.004999999888241291,0.004999999888241291,8.298708579482731e-09,1.144870243337945e-08
15,5606,0.8654667934216094,0.02732824478802629,0.062456642990567045,0.012156415402442696,5.150838069620406e-09,7.300160621245376e-09,9.993218999056998,9.454911766586413,0.024595825122872016,0.004999999888241291,0.004999999888241291,5.150838069620406e-09,7.300160621245376e-09
16,5606,0.8454012802263434,0.025339095695949554,0.06232440670705665,0.011489176809723957,3.931946443862976e-09,5.653730559232902e-09,9.991944422434365,9.454131075326265,0.10680095648651865,0.004999999888241291,0.004999999888241291,3.931946443862976e-09,5.653730559232902e-09
